Text,Result
"–°–ª–∞–≤–∞ –†–æ—Å—Å–∏–∏!",Ban
"–†–æ—Å—Å–∏—è –≤–ø–µ—Ä–µ–¥!",Ban
"–ó–∞ —Ä–æ—Å—Å–∏—é!",Ban
"–ë–∞–∑—ã –ù–ê–¢–û –Ω–∞ –£–∫—Ä–∞–∏–Ω–µ",Ban
"–°–º–µ—Ä—Ç—å —Ö–æ—Ö–ª–∞–º",Ban
"–ë–µ–π —Ñ–∞—à–∏—Å—Ç–æ–≤ –Ω–∞ –£–∫—Ä–∞–∏–Ω–µ",Ban
"–ë–µ–π —Ä—É—Å–Ω—é",Pass
"–£ –≤–∞—Å –æ–¥–Ω–∏ –Ω–∞—Ü–∏—Å—Ç—ã –≤ –£–∫—Ä–∞–Ω–µ",Ban
"–ê–∑–æ–≤?",Pass
"–ê–∑–æ–≤ - —Å—Ç–∞–ª—å",Pass
"–ê–∑–æ–≤ - –Ω–∞—Ü–∏—Å—Ç—ã",Ban
"–ü—Ä–∏–≤–µ—Ç",Pass
"–ó–¥—Ä–∞–≤—Å—Ç–≤—É–π",Pass
"–î–æ —Å–≤–∏–¥–∞–Ω–∏—è",Pass
"–ß—Ç–æ —Ç–∞–º —Å –õ–∏—Å–∏—á–∞–Ω—Å–∫–æ–º",Pass
"42",Pass
"–°–ª–∞–≤–∞ –£–∫—Ä–∞—ó–Ω—ñ",Pass
"–ü—Ä–∏–≤—ñ—Ç —Ö–ª–æ–ø—Ü—ñ",Pass
"–õ—é–±—ñ –¥—Ä—É–∑—ñ",Pass
"–ì–µ—Ä–æ—è–º –°–ª–∞–≤–∞",Pass
"–•–æ—Ö–ª–æ–±–æ—Ç—ã",Ban
"–ñ–∞—Ä–∏–º —Ö–æ—Ö–ª–æ–≤, —Å–∫–æ—Ä–æ –ö–∏–µ–≤ –±—Ä–∞—Ç—å –±—É–¥–µ–º",Ban
"–°–õ–´–®–£ Z√òV üá∑üá∫ –ï–ë–ê–¢–¨ –ê–ó–û–í üá∫üá¶",Ban
"–°–õ–´–®–£ ZOV - –ï–ë–ê–¢–¨ –ê–ó–û–í",Ban
"–ó–¥–∞—Ä–æ–≤–∞ —Ö–æ—Ö–ª—ã, –∫–∞–∫ –≤—ã?",Ban    